{"cameraMode":{"drawMode":0,"name":"Shaded","section":"Shading Mode"},"sceneLighting":false,"audioPlay":false,"sceneViewState":{"m_AlwaysRefresh":false,"showFog":false,"showSkybox":false,"showFlares":false,"showImageEffects":false,"showParticleSystems":false,"showVisualEffectGraphs":true,"m_FxEnabled":true},"in2DMode":false,"pivot":{"x":-0.00005340576171875,"y":0.8770785331726074,"z":-0.027181096374988557},"rotation":{"x":-0.15967808663845063,"y":0.20045383274555207,"z":-0.03313407674431801,"w":-0.96604323387146},"size":1.3361518383026124,"orthographic":false}